{
  "ask_alquiler": {
    "precision": 0.9210526315789473,
    "recall": 0.813953488372093,
    "f1-score": 0.8641975308641974,
    "support": 43,
    "confused_with": {
      "ask_mascota": 2,
      "ask_credito": 2
    }
  },
  "ask_restaurantes": {
    "precision": 0.8235294117647058,
    "recall": 0.84,
    "f1-score": 0.8316831683168315,
    "support": 50,
    "confused_with": {
      "ask_mercado": 3,
      "ask_aislamiento": 2
    }
  },
  "laugh": {
    "precision": 0.9166666666666666,
    "recall": 0.9166666666666666,
    "f1-score": 0.9166666666666666,
    "support": 12,
    "confused_with": {
      "deny": 1
    }
  },
  "unsure": {
    "precision": 0.0,
    "recall": 0.0,
    "f1-score": 0.0,
    "support": 4,
    "confused_with": {
      "ask_aburrido": 1,
      "out_of_scope": 1,
      "ask_hospital": 1
    }
  },
  "restart": {
    "precision": 0.9,
    "recall": 0.9473684210526315,
    "f1-score": 0.9230769230769231,
    "support": 19,
    "confused_with": {
      "ask_embarazada": 1
    }
  },
  "ask_barbijo": {
    "precision": 0.9215686274509803,
    "recall": 0.9591836734693877,
    "f1-score": 0.9400000000000001,
    "support": 49,
    "confused_with": {
      "ask_aburrido": 1,
      "ask_fincuarentena": 1
    }
  },
  "ask_incubacion": {
    "precision": 0.7647058823529411,
    "recall": 0.7647058823529411,
    "f1-score": 0.7647058823529412,
    "support": 34,
    "confused_with": {
      "ask_sintomas": 4,
      "ask_weather": 1
    }
  },
  "ask_datos": {
    "precision": 0.888,
    "recall": 0.8538461538461538,
    "f1-score": 0.8705882352941177,
    "support": 130,
    "confused_with": {
      "ask_riesgo": 4,
      "ask_aislamiento": 3
    }
  },
  "ask_bot_name": {
    "precision": 0.6764705882352942,
    "recall": 0.696969696969697,
    "f1-score": 0.6865671641791046,
    "support": 33,
    "confused_with": {
      "ask_howdoing": 5,
      "ask_made": 2
    }
  },
  "ask_pagar_servicios": {
    "precision": 0.717391304347826,
    "recall": 0.9428571428571428,
    "f1-score": 0.8148148148148148,
    "support": 35,
    "confused_with": {
      "ask_rapipago": 1,
      "ask_ferreteria": 1
    }
  },
  "ask_evento": {
    "precision": 0.631578947368421,
    "recall": 0.5217391304347826,
    "f1-score": 0.5714285714285715,
    "support": 23,
    "confused_with": {
      "ask_aislamiento": 4,
      "ask_aburrido": 3
    }
  },
  "greet": {
    "precision": 0.8372093023255814,
    "recall": 0.8571428571428571,
    "f1-score": 0.8470588235294119,
    "support": 42,
    "confused_with": {
      "ask_howdoing": 2,
      "ask_sintomas": 1
    }
  },
  "ask_permisocircular": {
    "precision": 0.8378378378378378,
    "recall": 0.8157894736842105,
    "f1-score": 0.8266666666666665,
    "support": 38,
    "confused_with": {
      "ask_exceptuados": 3,
      "ask_aislamiento": 2
    }
  },
  "thanks": {
    "precision": 0.8409090909090909,
    "recall": 0.8809523809523809,
    "f1-score": 0.8604651162790699,
    "support": 42,
    "confused_with": {
      "affirm": 1,
      "ask_howdoing": 1
    }
  },
  "ask_fincuarentena": {
    "precision": 0.6842105263157895,
    "recall": 0.7428571428571429,
    "f1-score": 0.7123287671232877,
    "support": 35,
    "confused_with": {
      "ask_aislamiento": 6,
      "ask_aburrido": 2
    }
  },
  "ask_languagesbot": {
    "precision": 0.896551724137931,
    "recall": 0.7878787878787878,
    "f1-score": 0.8387096774193549,
    "support": 33,
    "confused_with": {
      "ask_familiares": 2,
      "ask_ferreteria": 2
    }
  },
  "ask_farmacia": {
    "precision": 0.967741935483871,
    "recall": 0.8333333333333334,
    "f1-score": 0.8955223880597015,
    "support": 36,
    "confused_with": {
      "ask_mercado": 4,
      "ask_aislamiento": 1
    }
  },
  "ask_aburrido": {
    "precision": 0.6067415730337079,
    "recall": 0.6428571428571429,
    "f1-score": 0.6242774566473989,
    "support": 84,
    "confused_with": {
      "ask_aislamiento": 4,
      "ask_joke_request": 2
    }
  },
  "ask_varado": {
    "precision": 0.8709677419354839,
    "recall": 0.8181818181818182,
    "f1-score": 0.84375,
    "support": 33,
    "confused_with": {
      "out_of_scope": 2,
      "ask_mujeres_violencia": 1
    }
  },
  "ask_limpiar": {
    "precision": 0.8541666666666666,
    "recall": 0.8367346938775511,
    "f1-score": 0.845360824742268,
    "support": 98,
    "confused_with": {
      "ask_prevencion": 8,
      "ask_mercado": 2
    }
  },
  "ask_correo": {
    "precision": 0.9615384615384616,
    "recall": 0.9259259259259259,
    "f1-score": 0.9433962264150944,
    "support": 27,
    "confused_with": {
      "ask_incubacion": 1,
      "ask_aislamiento": 1
    }
  },
  "ask_alimento": {
    "precision": 0.828125,
    "recall": 0.9137931034482759,
    "f1-score": 0.8688524590163935,
    "support": 58,
    "confused_with": {
      "ask_limpiar": 3,
      "ask_prevencion": 1
    }
  },
  "goodbye": {
    "precision": 0.7307692307692307,
    "recall": 0.5277777777777778,
    "f1-score": 0.6129032258064515,
    "support": 36,
    "confused_with": {
      "thanks": 4,
      "ask_aislamiento": 3
    }
  },
  "ask_denuncia": {
    "precision": 0.9393939393939394,
    "recall": 0.9393939393939394,
    "f1-score": 0.9393939393939394,
    "support": 33,
    "confused_with": {
      "ask_mujeres_violencia": 1,
      "ask_permisocircular": 1
    }
  },
  "ask_riesgo": {
    "precision": 0.8163265306122449,
    "recall": 0.8695652173913043,
    "f1-score": 0.8421052631578948,
    "support": 46,
    "confused_with": {
      "ask_sexo": 1,
      "ask_howold": 1
    }
  },
  "ask_howold": {
    "precision": 0.8125,
    "recall": 0.6842105263157895,
    "f1-score": 0.742857142857143,
    "support": 19,
    "confused_with": {
      "ask_made": 2,
      "ask_datos": 2
    }
  },
  "ask_ife": {
    "precision": 0.8125,
    "recall": 0.9285714285714286,
    "f1-score": 0.8666666666666666,
    "support": 28,
    "confused_with": {
      "ask_prevencion": 1,
      "ask_restaurantes": 1
    }
  },
  "out_of_scope": {
    "precision": 0.5306122448979592,
    "recall": 0.29545454545454547,
    "f1-score": 0.3795620437956204,
    "support": 88,
    "confused_with": {
      "ask_howdoing": 6,
      "ask_aburrido": 5
    }
  },
  "human_agent": {
    "precision": 0.6875,
    "recall": 0.6875,
    "f1-score": 0.6875,
    "support": 16,
    "confused_with": {
      "ask_riesgo": 2,
      "ask_bot_name": 1
    }
  },
  "ask_enojo": {
    "precision": 0.7222222222222222,
    "recall": 0.48148148148148145,
    "f1-score": 0.5777777777777777,
    "support": 27,
    "confused_with": {
      "ask_restaurantes": 2,
      "ask_aburrido": 2
    }
  },
  "ask_exceptuados": {
    "precision": 0.8076923076923077,
    "recall": 0.7924528301886793,
    "f1-score": 0.7999999999999999,
    "support": 53,
    "confused_with": {
      "ask_permisocircular": 3,
      "ask_denuncia": 2
    }
  },
  "ask_telefonos": {
    "precision": 0.8571428571428571,
    "recall": 0.6976744186046512,
    "f1-score": 0.7692307692307693,
    "support": 43,
    "confused_with": {
      "ask_datos": 4,
      "ask_sintomas": 2
    }
  },
  "ask_joke_request": {
    "precision": 0.9534883720930233,
    "recall": 1.0,
    "f1-score": 0.9761904761904763,
    "support": 41,
    "confused_with": {}
  },
  "ask_howdoing": {
    "precision": 0.5370370370370371,
    "recall": 0.7435897435897436,
    "f1-score": 0.6236559139784946,
    "support": 39,
    "confused_with": {
      "out_of_scope": 4,
      "ask_made": 2
    }
  },
  "ask_mujeres_violencia": {
    "precision": 0.8888888888888888,
    "recall": 0.9473684210526315,
    "f1-score": 0.9171974522292994,
    "support": 76,
    "confused_with": {
      "ask_rumor": 1,
      "ask_howdoing": 1
    }
  },
  "ask_weather": {
    "precision": 0.8620689655172413,
    "recall": 0.7575757575757576,
    "f1-score": 0.8064516129032258,
    "support": 33,
    "confused_with": {
      "ask_sintomas": 2,