{
  "start_time": {
    "precision": 1.0,
    "recall": 1.0,
    "f1-score": 1.0,
    "support": 79
  },
  "service": {
    "precision": 0.8636363636363636,
    "recall": 0.9223300970873787,
    "f1-score": 0.892018779342723,
    "support": 103
  },
  "email": {
    "precision": 0.9597701149425287,
    "recall": 0.9940476190476191,
    "f1-score": 0.976608187134503,
    "support": 168
  },
  "dni": {
    "precision": 0.9417989417989417,
    "recall": 0.9621621621621622,
    "f1-score": 0.9518716577540107,
    "support": 185
  },
  "name": {
    "precision": 0.9406474820143885,
    "recall": 0.8986254295532646,
    "f1-score": 0.9191564147627417,
    "support": 582
  },
  "micro avg": {
    "precision": 0.9404332129963899,
    "recall": 0.9328558639212176,
    "f1-score": 0.9366292134831461,
    "support": 1117
  },
  "macro avg": {
    "precision": 0.9411705804784445,
    "recall": 0.9554330615700849,
    "f1-score": 0.9479310077987957,
    "support": 1117
  },
  "weighted avg": {
    "precision": 0.9408107104118789,
    "recall": 0.9328558639212176,
    "f1-score": 0.9364309756376945,
    "support": 1117
  }
}