{
  "pais": {
    "precision": 0.8363636363636363,
    "recall": 0.6764705882352942,
    "f1-score": 0.7479674796747968,
    "support": 68
  },
  "localidad": {
    "precision": 0.8589743589743589,
    "recall": 0.67,
    "f1-score": 0.7528089887640449,
    "support": 100
  },
  "micro avg": {
    "precision": 0.849624060150376,
    "recall": 0.6726190476190477,
    "f1-score": 0.7508305647840531,
    "support": 168
  },
  "macro avg": {
    "precision": 0.8476689976689976,
    "recall": 0.6732352941176472,
    "f1-score": 0.7503882342194208,
    "support": 168
  },
  "weighted avg": {
    "precision": 0.8498223998223997,
    "recall": 0.6726190476190477,
    "f1-score": 0.7508493303231587,
    "support": 168
  }
}