{
  "ask_test": {
    "precision": 0.8541666666666666,
    "recall": 0.8913043478260869,
    "f1-score": 0.8723404255319149,
    "support": 46,
    "confused_with": {
      "ask_aburrido": 2,
      "ask_sintomas": 1
    }
  },
  "ask_sueldos": {
    "precision": 0.75,
    "recall": 0.8275862068965517,
    "f1-score": 0.7868852459016394,
    "support": 29,
    "confused_with": {
      "ask_empresa": 2,
      "ask_pagar_servicios": 1
    }
  },
  "ask_ife": {
    "precision": 0.8333333333333334,
    "recall": 0.8928571428571429,
    "f1-score": 0.8620689655172413,
    "support": 28,
    "confused_with": {
      "ask_empresa": 2,
      "ask_rumor": 1
    }
  },
  "ask_vacuna": {
    "precision": 0.8571428571428571,
    "recall": 0.6923076923076923,
    "f1-score": 0.7659574468085107,
    "support": 26,
    "confused_with": {
      "ask_coronavirus": 3,
      "ask_aislamiento": 1
    }
  },
  "ask_made": {
    "precision": 0.6666666666666666,
    "recall": 0.6153846153846154,
    "f1-score": 0.64,
    "support": 39,
    "confused_with": {
      "ask_dentista": 2,
      "ask_aislamiento": 2
    }
  },
  "goodbye": {
    "precision": 0.7241379310344828,
    "recall": 0.5833333333333334,
    "f1-score": 0.6461538461538462,
    "support": 36,
    "confused_with": {
      "out_of_scope": 4,
      "ask_prevencion": 2
    }
  },
  "ask_exceptuados": {
    "precision": 0.82,
    "recall": 0.7735849056603774,
    "f1-score": 0.796116504854369,
    "support": 53,
    "confused_with": {
      "ask_permisocircular": 2,
      "out_of_scope": 2
    }
  },
  "ask_mercado": {
    "precision": 0.8082191780821918,
    "recall": 0.7866666666666666,
    "f1-score": 0.7972972972972971,
    "support": 75,
    "confused_with": {
      "ask_aislamiento": 5,
      "ask_sintomas": 1
    }
  },
  "ask_mujeres_violencia": {
    "precision": 0.8666666666666667,
    "recall": 0.8552631578947368,
    "f1-score": 0.8609271523178809,
    "support": 76,
    "confused_with": {
      "ask_sueldos": 2,
      "ask_aburrido": 2
    }
  },
  "ask_weather": {
    "precision": 0.8,
    "recall": 0.6060606060606061,
    "f1-score": 0.689655172413793,
    "support": 33,
    "confused_with": {
      "ask_aburrido": 2,
      "ask_howdoing": 2
    }
  },
  "ask_bot_challenge": {
    "precision": 0.7272727272727273,
    "recall": 0.8,
    "f1-score": 0.761904761904762,
    "support": 10,
    "confused_with": {
      "human_agent": 2
    }
  },
  "ask_hospital": {
    "precision": 0.8076923076923077,
    "recall": 0.8076923076923077,
    "f1-score": 0.8076923076923077,
    "support": 26,
    "confused_with": {
      "ask_sintomas": 2,
      "ask_coronavirus": 1
    }
  },
  "ask_ferreteria": {
    "precision": 0.9166666666666666,
    "recall": 0.9565217391304348,
    "f1-score": 0.9361702127659574,
    "support": 23,
    "confused_with": {
      "ask_pagar_servicios": 1
    }
  },
  "ask_residuos": {
    "precision": 0.9565217391304348,
    "recall": 1.0,
    "f1-score": 0.9777777777777777,
    "support": 22,
    "confused_with": {}
  },
  "ask_aislamiento": {
    "precision": 0.6209677419354839,
    "recall": 0.6936936936936937,
    "f1-score": 0.6553191489361702,
    "support": 111,
    "confused_with": {
      "ask_aburrido": 6,
      "ask_fincuarentena": 4
    }
  },
  "ask_restaurantes": {
    "precision": 0.8775510204081632,
    "recall": 0.86,
    "f1-score": 0.8686868686868686,
    "support": 50,
    "confused_with": {
      "ask_mercado": 3,
      "ask_aburrido": 2
    }
  },
  "ask_limpiar": {
    "precision": 0.8315789473684211,
    "recall": 0.8061224489795918,
    "f1-score": 0.8186528497409326,
    "support": 98,
    "confused_with": {
      "ask_prevencion": 8,
      "ask_mercado": 4
    }
  },
  "ask_incubacion": {
    "precision": 0.8461538461538461,
    "recall": 0.6470588235294118,
    "f1-score": 0.7333333333333334,
    "support": 34,
    "confused_with": {
      "ask_prevencion": 4,
      "ask_sintomas": 3
    }
  },
  "unsure": {
    "precision": 0.0,
    "recall": 0.0,
    "f1-score": 0.0,
    "support": 4,
    "confused_with": {
      "out_of_scope": 2,
      "deny": 1,
      "ask_datos": 1
    }
  },
  "ask_asintomatico": {
    "precision": 0.7333333333333333,
    "recall": 0.9565217391304348,
    "f1-score": 0.8301886792452831,
    "support": 23,
    "confused_with": {
      "ask_sintomas": 1
    }
  },
  "ask_dentista": {
    "precision": 0.8461538461538461,
    "recall": 0.8461538461538461,
    "f1-score": 0.8461538461538461,
    "support": 39,
    "confused_with": {
      "ask_sintomas": 3,
      "ask_prevencion": 2
    }
  },
  "ask_rumor": {
    "precision": 0.8695652173913043,
    "recall": 0.5714285714285714,
    "f1-score": 0.689655172413793,
    "support": 35,
    "confused_with": {
      "ask_coronavirus": 5,
      "ask_prevencion": 3
    }
  },
  "ask_riesgo": {
    "precision": 0.7872340425531915,
    "recall": 0.8043478260869565,
    "f1-score": 0.795698924731183,
    "support": 46,
    "confused_with": {
      "ask_prevencion": 5,
      "ask_sintomas": 1
    }
  },
  "ask_empresa": {
    "precision": 0.5714285714285714,
    "recall": 0.5714285714285714,
    "f1-score": 0.5714285714285714,
    "support": 21,
    "confused_with": {
      "ask_sueldos": 3,
      "ask_credito": 2
    }
  },
  "ask_datos": {
    "precision": 0.9172932330827067,
    "recall": 0.9384615384615385,
    "f1-score": 0.9277566539923955,
    "support": 130,
    "confused_with": {
      "goodbye": 1,
      "ask_made": 1
    }
  },
  "ask_farmacia": {
    "precision": 0.8787878787878788,
    "recall": 0.8055555555555556,
    "f1-score": 0.8405797101449276,
    "support": 36,
    "confused_with": {
      "ask_aislamiento": 2,
      "ask_mercado": 2
    }
  },
  "ask_credito": {
    "precision": 0.7096774193548387,
    "recall": 0.88,
    "f1-score": 0.7857142857142856,
    "support": 25,
    "confused_with": {
      "ask_languagesbot": 1,
      "ask_telefonos": 1
    }
  },
  "ask_embarazada": {
    "precision": 0.8461538461538461,
    "recall": 0.9166666666666666,
    "f1-score": 0.8799999999999999,
    "support": 24,
    "confused_with": {
      "ask_prevencion": 1,
      "ask_howold": 1
    }
  },
  "ask_coronavirus": {
    "precision": 0.58,
    "recall": 0.7631578947368421,
    "f1-score": 0.6590909090909091,
    "support": 38,
    "confused_with": {
      "ask_prevencion": 3,
      "ask_sintomas": 2
    }
  },
  "ask_telefonos": {
    "precision": 0.7804878048780488,
    "recall": 0.7441860465116279,
    "f1-score": 0.761904761904762,
    "support": 43,
    "confused_with": {
      "ask_datos": 3,
      "ask_aburrido": 2
    }
  },
  "deny": {
    "precision": 0.625,
    "recall": 0.7692307692307693,
    "f1-score": 0.6896551724137931,
    "support": 13,
    "confused_with": {
      "affirm": 1,
      "ask_prevencion": 1
    }
  },
  "ask_correo": {
    "precision": 0.9615384615384616,
    "recall": 0.9259259259259259,
    "f1-score": 0.9433962264150944,
    "support": 27,
    "confused_with": {
      "ask_dentista": 1,
      "ask_howdoing": 1
    }
  },
  "ask_sexo": {
    "precision": 1.0,
    "recall": 0.875,
    "f1-score": 0.9333333333333333,
    "support": 16,
    "confused_with": {
      "affirm": 1,
      "ask_prevencion": 1
    }
  },
  "ask_varado": {
    "precision": 0.7419354838709677,
    "recall": 0.696969696969697,
    "f1-score": 0.71875,
    "support": 33,
    "confused_with": {
      "ask_aburrido": 2,
      "ask_howold": 2
    }
  },
  "human_agent": {
    "precision": 0.5882352941176471,
    "recall": 0.625,
    "f1-score": 0.6060606060606061,
    "support": 16,
    "confused_with": {
      "ask_aburrido": 2,
      "ask_asintomatico": 2
    }
  },
  "ask_prevencion": {
    "precision": 0.6567164179104478,
    "recall": 0.7652173913043478,
    "f1-score": 0.7068273092369477,
    "support": 115,
    "confused_with": {
      "ask_limpiar": 7,
      "ask_aislamiento": 3
    }
  },
  "ask_denuncia": {
    "precision": 0.9642857142857143,
    "recall": 0.8181818181818182,