{
  "service": {
    "precision": 0.8598726114649682,
    "recall": 0.903010033444816,
    "f1-score": 0.8809135399673735,
    "support": 299
  },
  "email": {
    "precision": 0.9721059972105998,
    "recall": 0.9613793103448276,
    "f1-score": 0.9667128987517336,
    "support": 1450
  },
  "name": {
    "precision": 0.9148936170212766,
    "recall": 0.9121212121212121,
    "f1-score": 0.9135053110773901,
    "support": 990
  },
  "start_time": {
    "precision": 0.9870759289176091,
    "recall": 1.0,
    "f1-score": 0.9934959349593496,
    "support": 611
  },
  "dni": {
    "precision": 0.9736540664375716,
    "recall": 0.989522700814901,
    "f1-score": 0.9815242494226328,
    "support": 859
  },
  "micro avg": {
    "precision": 0.952921693872723,
    "recall": 0.9569969113803753,
    "f1-score": 0.954954954954955,
    "support": 4209
  },
  "macro avg": {
    "precision": 0.941520444210405,
    "recall": 0.9532066513451513,
    "f1-score": 0.9472303868356959,
    "support": 4209
  },
  "weighted avg": {
    "precision": 0.9531652466792568,
    "recall": 0.9569969113803753,
    "f1-score": 0.9550136507771629,
    "support": 4209
  }
}