{
  "consulta_direccion": {
    "precision": 0.9333333333333333,
    "recall": 0.2916666666666667,
    "f1-score": 0.4444444444444445,
    "support": 48,
    "confused_with": {
      "greet+consulta_direccion": 23,
      "thanks+consulta_direccion": 8
    }
  },
  "ask_duration": {
    "precision": 0.8,
    "recall": 0.3333333333333333,
    "f1-score": 0.47058823529411764,
    "support": 12,
    "confused_with": {
      "consulta_services_type": 4,
      "out_of_scope": 1
    }
  },
  "goodbye": {
    "precision": 0.6666666666666666,
    "recall": 0.43478260869565216,
    "f1-score": 0.5263157894736841,
    "support": 23,
    "confused_with": {
      "deny+thanks": 3,
      "laugh+thanks": 3
    }
  },
  "ask_doctor": {
    "precision": 0.8,
    "recall": 0.2857142857142857,
    "f1-score": 0.4210526315789473,
    "support": 14,
    "confused_with": {
      "consulta_services_type": 4,
      "inform_service": 2
    }
  },
  "ask_change": {
    "precision": 0.9285714285714286,
    "recall": 0.7647058823529411,
    "f1-score": 0.8387096774193549,
    "support": 17,
    "confused_with": {
      "consulta_services_type": 2,
      "out_of_scope": 1
    }
  },
  "ask_weather": {
    "precision": 0.375,
    "recall": 0.84,
    "f1-score": 0.5185185185185186,
    "support": 25,
    "confused_with": {
      "out_of_scope": 2,
      "otra_fecha": 1
    }
  },
  "ask_enojo": {
    "precision": 1.0,
    "recall": 0.4,
    "f1-score": 0.5714285714285715,
    "support": 15,
    "confused_with": {
      "affirm+ask_bot_challenge": 3,
      "out_of_scope": 2
    }
  },
  "affirm": {
    "precision": 1.0,
    "recall": 0.058823529411764705,
    "f1-score": 0.1111111111111111,
    "support": 17,
    "confused_with": {
      "affirm+ask_bot_challenge": 7,
      "laugh+thanks": 3
    }
  },
  "ask_hours": {
    "precision": 0.45454545454545453,
    "recall": 0.5,
    "f1-score": 0.47619047619047616,
    "support": 10,
    "confused_with": {
      "out_of_scope": 2,
      "inform_service": 1
    }
  },
  "laugh+thanks": {
    "precision": 0.125,
    "recall": 1.0,
    "f1-score": 0.2222222222222222,
    "support": 5,
    "confused_with": {}
  },
  "ask_made": {
    "precision": 0.9,
    "recall": 0.782608695652174,
    "f1-score": 0.8372093023255814,
    "support": 23,
    "confused_with": {
      "consulta_services_type": 2,
      "ask_weather": 2
    }
  },
  "greet+inform": {
    "precision": 0.76,
    "recall": 0.7037037037037037,
    "f1-score": 0.7307692307692308,
    "support": 27,
    "confused_with": {
      "inform": 4,
      "greet": 2
    }
  },
  "deny": {
    "precision": 1.0,
    "recall": 0.1,
    "f1-score": 0.18181818181818182,
    "support": 10,
    "confused_with": {
      "ask_howdoing": 3,
      "affirm+ask_bot_challenge": 2
    }
  },
  "ask_services": {
    "precision": 0.75,
    "recall": 0.5555555555555556,
    "f1-score": 0.6382978723404256,
    "support": 27,
    "confused_with": {
      "inform_service": 4,
      "ask_weather": 3
    }
  },
  "otra_fecha": {
    "precision": 0.84,
    "recall": 0.6885245901639344,
    "f1-score": 0.7567567567567568,
    "support": 61,
    "confused_with": {
      "consulta_services_type": 7,
      "inform": 5
    }
  },
  "faq_kunan": {
    "precision": 0.9,
    "recall": 0.75,
    "f1-score": 0.8181818181818182,
    "support": 12,
    "confused_with": {
      "out_of_scope": 2,
      "inform": 1
    }
  },
  "inform+inform_service": {
    "precision": 0.5102040816326531,
    "recall": 0.8064516129032258,
    "f1-score": 0.625,
    "support": 31,
    "confused_with": {
      "inform_service": 3,
      "consulta_services_type": 2
    }
  },
  "ask_howold": {
    "precision": 0.8947368421052632,
    "recall": 0.8947368421052632,
    "f1-score": 0.8947368421052632,
    "support": 19,
    "confused_with": {
      "ask_howdoing": 1,
      "ask_weather": 1
    }
  },
  "unsure": {
    "precision": 0.0,
    "recall": 0.0,
    "f1-score": 0.0,
    "support": 4,
    "confused_with": {
      "ask_howdoing": 1,
      "goodbye": 1,
      "inform": 1
    }
  },
  "thanks+consulta_direccion": {
    "precision": 0.25,
    "recall": 0.5555555555555556,
    "f1-score": 0.3448275862068966,
    "support": 9,
    "confused_with": {
      "ask_weather": 1,
      "goodbye": 1
    }
  },
  "restart": {
    "precision": 1.0,
    "recall": 0.9375,
    "f1-score": 0.967741935483871,
    "support": 16,
    "confused_with": {
      "ask_languagesbot": 1
    }
  },
  "no_brindar_datos": {
    "precision": 0.3333333333333333,
    "recall": 0.14285714285714285,
    "f1-score": 0.2,
    "support": 7,
    "confused_with": {
      "inform+inform_service": 4,
      "consulta_services_type": 2
    }
  },
  "ask_bot_challenge": {
    "precision": 0.2857142857142857,
    "recall": 0.2222222222222222,
    "f1-score": 0.25,
    "support": 9,
    "confused_with": {
      "affirm+ask_bot_challenge": 4,
      "postpone": 1
    }
  },
  "consulta_services_type": {
    "precision": 0.6666666666666666,
    "recall": 0.8741721854304636,
    "f1-score": 0.7564469914040115,
    "support": 151,
    "confused_with": {
      "inform_service": 5,
      "out_of_scope": 4
    }
  },
  "inform_service": {
    "precision": 0.6056338028169014,
    "recall": 0.7166666666666667,
    "f1-score": 0.6564885496183206,
    "support": 60,
    "confused_with": {
      "inform+inform_service": 7,
      "consulta_services_type": 4
    }
  },
  "laugh": {
    "precision": 1.0,
    "recall": 0.42857142857142855,
    "f1-score": 0.6,
    "support": 7,
    "confused_with": {
      "laugh+thanks": 3,
      "ask_weather": 1
    }
  },
  "ask_wherefrom": {
    "precision": 0.0,
    "recall": 0.0,
    "f1-score": 0.0,
    "support": 8,
    "confused_with": {
      "greet+consulta_direccion": 4,
      "inform": 2,
      "postpone": 1
    }
  },
  "postpone": {
    "precision": 0.6818181818181818,
    "recall": 0.7894736842105263,
    "f1-score": 0.7317073170731707,
    "support": 19,
    "confused_with": {
      "inform_service": 2,
      "consulta_services_type": 2
    }
  },
  "human_agent": {
    "precision": 1.0,
    "recall": 0.3333333333333333,
    "f1-score": 0.5,
    "support": 15,
    "confused_with": {
      "ask_languagesbot": 4,
      "inform_service": 2
    }
  },
  "ask_joke_request": {
    "precision": 0.8787878787878788,
    "recall": 0.7631578947368421,
    "f1-score": 0.8169014084507042,
    "support": 38,
    "confused_with": {
      "consulta_services_type": 2,
      "out_of_scope": 2
    }
  },
  "out_of_scope": {
    "precision": 0.6236559139784946,
    "recall": 0.453125,
    "f1-score": 0.5248868778280543,
    "support": 128,
    "confused_with": {
      "consulta_services_type": 16,
      "ask_weather": 7
    }
  },
  "ask_howdoing": {
    "precision": 0.5625,
    "recall": 0.5454545454545454,
    "f1-score": 0.5538461538461538,
    "support": 33,
    "confused_with": {
      "ask_weather": 6,
      "inform_service": 3
    }
  },
  "thanks": {
    "precision": 1.0,
    "recall": 0.22,
    "f1-score": 0.36065573770491804,
    "support": 50,
    "confused_with": {
      "laugh+thanks": 18,
      "deny+thanks": 11
    }
  },
  "ask_languagesbot": {
    "precision": 0.7222222222222222,
    "recall": 0.8387096774193549,
    "f1-score": 0.7761194029850746,
    "support": 31,
    "confused_with": {
      "greet+consulta_direccion": 2,
      "ask_services": 1
    }
  },
  "affirm+ask_bot_challenge": {
    "precision": 0.14285714285714285,
    "recall": 0.8,
    "f1-score": 0.24242424242424243,
    "support": 5,
    "confused_with": {
      "consulta_services_type": 1
    }
  },
  "inform": {
    "precision": 0.9551724137931035,
    "recall": 0.9618055555555556,
    "f1-score": 0.9584775086505191,
    "support": 576,
    "confused_with": {
      "inform+inform_service": 8,
      "greet+inform": 5
    }
  },
  "greet+consulta_direccion": {
    "precision": 0.39473684210526316,
    "recall": 0.967741935483871,
    "f1-score": 0.5607476635514018,
    "support": 31,